loss,acc,val_loss,val_acc
1.7176331281661987,22.81,1.755799400806427,34.14
