loss,acc,val_loss,val_acc
1.702444314956665,37.352000000000004,1.671357309818268,41.38
