loss,acc,val_loss,val_acc
1.9205814599990845,20.156,1.885442312759689,29.54
