loss,acc,val_loss,val_acc
1.617779016494751,38.412,1.641314944624901,43.1
