loss,acc,val_loss,val_acc
1.5793602466583252,34.028000000000006,1.557726852501495,42.34
