loss,acc,val_loss,val_acc
1.3171411752700806,41.216,1.3721462726593017,50.480000000000004
