loss,acc,val_loss,val_acc
1.0402072668075562,52.14,1.1478579178452493,59.150000000000006
