loss,acc,val_loss,val_acc
1.0033743381500244,48.480000000000004,1.1170046359870085,58.879999999999995
