loss,acc,val_loss,val_acc
2.4793832302093506,19.012,2.2892977897644045,27.29
