loss,acc,val_loss,val_acc
1.8519822359085083,19.683999999999997,1.8584386348724364,27.229999999999997
