loss,acc,val_loss,val_acc
1.2269511222839355,57.589999999999996,5.41235951101704,13.209999999999999
